item_id	marker_id	item_name	gene	rs_id	normal_allele	risk_allele
I-T1	MARKER-0001	Trisomy 1	Trisomy 1	rsT1	N	O
I-T2	MARKER-0002	Trisomy 2	Trisomy 2	rsT2	N	O
I-T3	MARKER-0003	Trisomy 3	Trisomy 3	rsT3	N	O
I-T4	MARKER-0004	Trisomy 4	Trisomy 4	rsT4	N	O
I-T5	MARKER-0005	Trisomy 5	Trisomy 5	rsT5	N	O
I-T6	MARKER-0006	Trisomy 6	Trisomy 6	rsT6	N	O
I-T7	MARKER-0007	Trisomy 7	Trisomy 7	rsT7	N	O
I-T8	MARKER-0008	Trisomy 8	Trisomy 8	rsT8	N	O
I-T9	MARKER-0009	Trisomy 9	Trisomy 9	rsT9	N	O
I-T10	MARKER-0010	Trisomy 10	Trisomy 10	rsT10	N	O
I-T11	MARKER-0011	Trisomy 11	Trisomy 11	rsT11	N	O
I-T12	MARKER-0012	Trisomy 12	Trisomy 12	rsT12	N	O
I-T13	MARKER-0013	Trisomy 13	Trisomy 13	rsT13	N	O
I-T14	MARKER-0014	Trisomy 14	Trisomy 14	rsT14	N	O
I-T15	MARKER-0015	Trisomy 15	Trisomy 15	rsT15	N	O
I-T16	MARKER-0016	Trisomy 16	Trisomy 16	rsT16	N	O
I-T17	MARKER-0017	Trisomy 17	Trisomy 17	rsT17	N	O
I-T18	MARKER-0018	Trisomy 18	Trisomy 18	rsT18	N	O
I-T19	MARKER-0019	Trisomy 19	Trisomy 19	rsT19	N	O
I-T20	MARKER-0020	Trisomy 20	Trisomy 20	rsT20	N	O
I-T21	MARKER-0021	Trisomy 21	Trisomy 21	rsT21	N	O
I-T22	MARKER-0022	Trisomy 22	Trisomy 22	rsT22	N	O
I-XO	MARKER-0023	XO	XO	rsXO	N	O
I-XXX	MARKER-0024	XXX	XXX	rsXXX	N	O
I-XXY	MARKER-0025	XXY	XXY	rsXXY	N	O
I-XYY	MARKER-0026	XYY	XYY	rsXYY	N	O
I-CNV0001	MARKER-0027	1p36 deletion	1p36 deletion	rsCNV0001	N	O
I-CNV0002	MARKER-0028	2p15-p16.1 deletion	2p15-p16.1 deletion	rsCNV0002	N	O
I-CNV0003	MARKER-0029	3q29 deletion	3q29 deletion	rsCNV0003	N	O
I-CNV0004	MARKER-0030	4p16 deletion	4p16 deletion	rsCNV0004	N	O
I-CNV0005	MARKER-0031	5p15.2-p15.3 deletion	5p15.2-p15.3 deletion	rsCNV0005	N	O
I-CNV0006	MARKER-0032	7p14.1 deletion	7p14.1 deletion	rsCNV0006	N	O
I-CNV0007	MARKER-0033	8q23.3-q24.11 deletion	8q23.3-q24.11 deletion	rsCNV0007	N	O
I-CNV0008	MARKER-0034	10q26 deletion	10q26 deletion	rsCNV0008	N	O
I-CNV0009	MARKER-0035	11p13 deletion	11p13 deletion	rsCNV0009	N	O
I-CNV0010	MARKER-0036	11q23.3 deletion	11q23.3 deletion	rsCNV0010	N	O
I-CNV0011	MARKER-0037	15q11-q13 deletion	15q11-q13 deletion	rsCNV0011	N	O
I-CNV0012	MARKER-0038	16p11.2-p12.2 deletion	16p11.2-p12.2 deletion	rsCNV0012	N	O
I-CNV0013	MARKER-0039	22q11.2 deletion	22q11.2 deletion	rsCNV0013	N	O
I-CNV0014	MARKER-0040	22q13.3 deletion	22q13.3 deletion	rsCNV0014	N	O
I-CNV0015	MARKER-0041	Xp22.32 deletion	Xp22.32 deletion	rsCNV0015	N	O
I-CNV0016	MARKER-0042	1p36.33 duplication	1p36.33 duplication	rsCNV0016	N	O
I-CNV0017	MARKER-0043	1p35.2 deletion	1p35.2 deletion	rsCNV0017	N	O
I-CNV0018	MARKER-0044	1p34.1 duplication	1p34.1 duplication	rsCNV0018	N	O
I-CNV0019	MARKER-0045	1p32-p31 deletion	1p32-p31 deletion	rsCNV0019	N	O
I-CNV0020	MARKER-0046	1p21.3 deletion	1p21.3 deletion	rsCNV0020	N	O
I-CNV0021	MARKER-0047	1q21.1 duplication	1q21.1 duplication	rsCNV0021	N	O
I-CNV0022	MARKER-0048	1q21.1 deletion	1q21.1 deletion	rsCNV0022	N	O
I-CNV0023	MARKER-0049	1q24-q25 deletion	1q24-q25 deletion	rsCNV0023	N	O
I-CNV0024	MARKER-0050	1q41-q42 deletion	1q41-q42 deletion	rsCNV0024	N	O
I-CNV0025	MARKER-0051	1q43-q44 deletion	1q43-q44 deletion	rsCNV0025	N	O
I-CNV0026	MARKER-0052	1q44 deletion	1q44 deletion	rsCNV0026	N	O
I-CNV0027	MARKER-0053	2p24.1-p23.3 deletion	2p24.1-p23.3 deletion	rsCNV0027	N	O
I-CNV0028	MARKER-0054	2q13-q22.3 duplication	2q13-q22.3 duplication	rsCNV0028	N	O
I-CNV0029	MARKER-0055	2p21 deletion	2p21 deletion	rsCNV0029	N	O
I-CNV0030	MARKER-0056	2p16.3 deletion	2p16.3 deletion	rsCNV0030	N	O
I-CNV0031	MARKER-0057	2p13.2 deletion	2p13.2 deletion	rsCNV0031	N	O
I-CNV0032	MARKER-0058	2q13 deletion	2q13 deletion	rsCNV0032	N	O
I-CNV0033	MARKER-0059	2q23.1 deletion	2q23.1 deletion	rsCNV0033	N	O
I-CNV0034	MARKER-0060	2q23.1 duplication	2q23.1 duplication	rsCNV0034	N	O
I-CNV0035	MARKER-0061	2q24 deletion	2q24 deletion	rsCNV0035	N	O
I-CNV0036	MARKER-0062	2q11.2 deletion	2q11.2 deletion	rsCNV0036	N	O
I-CNV0037	MARKER-0063	2q31.1 deletion	2q31.1 deletion	rsCNV0037	N	O
I-CNV0038	MARKER-0064	2q32-q33 deletion	2q32-q33 deletion	rsCNV0038	N	O
I-CNV0039	MARKER-0065	2q31.2-q32.3 deletion	2q31.2-q32.3 deletion	rsCNV0039	N	O
I-CNV0040	MARKER-0066	2q33.1 deletion	2q33.1 deletion	rsCNV0040	N	O
I-CNV0041	MARKER-0067	2q36.1 deletion	2q36.1 deletion	rsCNV0041	N	O
I-CNV0042	MARKER-0068	2q37 deletion	2q37 deletion	rsCNV0042	N	O
I-CNV0043	MARKER-0069	3q22-q24 deletion	3q22-q24 deletion	rsCNV0043	N	O
I-CNV0044	MARKER-0070	3p25.3 deletion	3p25.3 deletion	rsCNV0044	N	O
I-CNV0045	MARKER-0071	3p14.1-p13 deletion	3p14.1-p13 deletion	rsCNV0045	N	O
I-CNV0046	MARKER-0072	3p21.31 deletion	3p21.31 deletion	rsCNV0046	N	O
I-CNV0047	MARKER-0073	3q13 deletion	3q13 deletion	rsCNV0047	N	O
I-CNV0048	MARKER-0074	3q13.31 deletion	3q13.31 deletion	rsCNV0048	N	O
I-CNV0049	MARKER-0075	3q23 deletion	3q23 deletion	rsCNV0049	N	O
I-CNV0050	MARKER-0076	3q26 duplication	3q26 duplication	rsCNV0050	N	O
I-CNV0051	MARKER-0077	3q26-q28 deletion	3q26-q28 deletion	rsCNV0051	N	O
I-CNV0052	MARKER-0078	3q26.3-q27 deletion	3q26.3-q27 deletion	rsCNV0052	N	O
I-CNV0053	MARKER-0079	3q27.3 deletion	3q27.3 deletion	rsCNV0053	N	O
I-CNV0054	MARKER-0080	3q28-q29 deletion	3q28-q29 deletion	rsCNV0054	N	O
I-CNV0055	MARKER-0081	4p deletion	4p deletion	rsCNV0055	N	O
I-CNV0056	MARKER-0082	4p duplication	4p duplication	rsCNV0056	N	O
I-CNV0057	MARKER-0083	4p16.3 duplication	4p16.3 duplication	rsCNV0057	N	O
I-CNV0058	MARKER-0084	4q25 deletion	4q25 deletion	rsCNV0058	N	O
I-CNV0059	MARKER-0085	4q21 deletion	4q21 deletion	rsCNV0059	N	O
I-CNV0060	MARKER-0086	4q32.1-q32.2 duplication	4q32.1-q32.2 duplication	rsCNV0060	N	O
I-CNV0061	MARKER-0087	4q deletion	4q deletion	rsCNV0061	N	O
I-CNV0062	MARKER-0088	5p duplication	5p duplication	rsCNV0062	N	O
I-CNV0063	MARKER-0089	5p deletion	5p deletion	rsCNV0063	N	O
I-CNV0064	MARKER-0090	5p13 duplication	5p13 duplication	rsCNV0064	N	O
I-CNV0065	MARKER-0091	5q35 deletion	5q35 deletion	rsCNV0065	N	O
I-CNV0066	MARKER-0092	5q35 duplication	5q35 duplication	rsCNV0066	N	O
I-CNV0067	MARKER-0093	5q31.3 deletion	5q31.3 deletion	rsCNV0067	N	O
I-CNV0068	MARKER-0094	5q31.1 deletion	5q31.1 deletion	rsCNV0068	N	O
I-CNV0069	MARKER-0095	5q14.3-q15 deletion	5q14.3-q15 deletion	rsCNV0069	N	O
I-CNV0070	MARKER-0096	5q duplication	5q duplication	rsCNV0070	N	O
I-CNV0071	MARKER-0097	5q deletion	5q deletion	rsCNV0071	N	O
I-CNV0072	MARKER-0098	6p deletion	6p deletion	rsCNV0072	N	O
I-CNV0073	MARKER-0099	6p duplication	6p duplication	rsCNV0073	N	O
I-CNV0074	MARKER-0100	6p22 deletion	6p22 deletion	rsCNV0074	N	O
I-CNV0075	MARKER-0101	6p25.3 deletion	6p25.3 deletion	rsCNV0075	N	O
I-CNV0076	MARKER-0102	6q25.3 deletion	6q25.3 deletion	rsCNV0076	N	O
I-CNV0077	MARKER-0103	6q25.2-q25.3 deletion	6q25.2-q25.3 deletion	rsCNV0077	N	O
I-CNV0078	MARKER-0104	6q25.1 deletion	6q25.1 deletion	rsCNV0078	N	O
I-CNV0079	MARKER-0105	6q21-q22.31 deletion	6q21-q22.31 deletion	rsCNV0079	N	O
I-CNV0080	MARKER-0106	6q16 deletion	6q16 deletion	rsCNV0080	N	O
I-CNV0081	MARKER-0107	6q13-q14 deletion	6q13-q14 deletion	rsCNV0081	N	O
I-CNV0082	MARKER-0108	6q11-q14 deletion	6q11-q14 deletion	rsCNV0082	N	O
I-CNV0083	MARKER-0109	6q deletion	6q deletion	rsCNV0083	N	O
I-CNV0084	MARKER-0110	6q duplication	6q duplication	rsCNV0084	N	O
I-CNV0085	MARKER-0111	7p duplication	7p duplication	rsCNV0085	N	O
I-CNV0086	MARKER-0112	7p deletion	7p deletion	rsCNV0086	N	O
I-CNV0087	MARKER-0113	7p21 deletion	7p21 deletion	rsCNV0087	N	O
I-CNV0088	MARKER-0114	7p22.1 duplication	7p22.1 duplication	rsCNV0088	N	O
I-CNV0089	MARKER-0115	7q11.23 deletion	7q11.23 deletion	rsCNV0089	N	O
I-CNV0090	MARKER-0116	7q11.23 duplication	7q11.23 duplication	rsCNV0090	N	O
I-CNV0091	MARKER-0117	7q31 deletion	7q31 deletion	rsCNV0091	N	O
I-CNV0092	MARKER-0118	7q36.3 deletion	7q36.3 deletion	rsCNV0092	N	O
I-CNV0093	MARKER-0119	7q36.3 duplication	7q36.3 duplication	rsCNV0093	N	O
I-CNV0094	MARKER-0120	7q duplication	7q duplication	rsCNV0094	N	O
I-CNV0095	MARKER-0121	7q deletion	7q deletion	rsCNV0095	N	O
I-CNV0096	MARKER-0122	8p duplication	8p duplication	rsCNV0096	N	O
I-CNV0097	MARKER-0123	8p23.1 duplication	8p23.1 duplication	rsCNV0097	N	O
I-CNV0098	MARKER-0124	8p23.1 deletion	8p23.1 deletion	rsCNV0098	N	O
I-CNV0099	MARKER-0125	8p11.2 deletion	8p11.2 deletion	rsCNV0099	N	O
I-CNV0100	MARKER-0126	8q12 duplication	8q12 duplication	rsCNV0100	N	O
I-CNV0101	MARKER-0127	8q13 deletion	8q13 deletion	rsCNV0101	N	O
I-CNV0102	MARKER-0128	8q21.11 deletion	8q21.11 deletion	rsCNV0102	N	O
I-CNV0103	MARKER-0129	8q22.1 deletion	8q22.1 deletion	rsCNV0103	N	O
I-CNV0104	MARKER-0130	8q24.3 deletion	8q24.3 deletion	rsCNV0104	N	O
I-CNV0105	MARKER-0131	8q duplication	8q duplication	rsCNV0105	N	O
I-CNV0106	MARKER-0132	9p duplication	9p duplication	rsCNV0106	N	O
I-CNV0107	MARKER-0133	9p deletion	9p deletion	rsCNV0107	N	O
I-CNV0108	MARKER-0134	9p13 deletion	9p13 deletion	rsCNV0108	N	O
I-CNV0109	MARKER-0135	9q22.3 deletion	9q22.3 deletion	rsCNV0109	N	O
I-CNV0110	MARKER-0136	9q31.1-q31.3 deletion	9q31.1-q31.3 deletion	rsCNV0110	N	O
I-CNV0111	MARKER-0137	9q34.3 deletion	9q34.3 deletion	rsCNV0111	N	O
I-CNV0112	MARKER-0138	9q22.2-31.1 deletion	9q22.2-31.1 deletion	rsCNV0112	N	O
I-CNV0113	MARKER-0139	10p duplication	10p duplication	rsCNV0113	N	O
I-CNV0114	MARKER-0140	10p deletion	10p deletion	rsCNV0114	N	O
I-CNV0115	MARKER-0141	10p15.3 deletion	10p15.3 deletion	rsCNV0115	N	O
I-CNV0116	MARKER-0142	10p13-p14 deletion	10p13-p14 deletion	rsCNV0116	N	O
I-CNV0117	MARKER-0143	10q22.3-q23.3 duplication	10q22.3-q23.3 duplication	rsCNV0117	N	O
I-CNV0118	MARKER-0144	10q22.3-q23.3 deletion	10q22.3-q23.3 deletion	rsCNV0118	N	O
I-CNV0119	MARKER-0145	10q23 deletion	10q23 deletion	rsCNV0119	N	O
I-CNV0120	MARKER-0146	10q24 duplication	10q24 duplication	rsCNV0120	N	O
I-CNV0121	MARKER-0147	10q duplication	10q duplication	rsCNV0121	N	O
I-CNV0122	MARKER-0148	10q deletion	10q deletion	rsCNV0122	N	O
I-CNV0123	MARKER-0149	11p duplication	11p duplication	rsCNV0123	N	O
I-CNV0124	MARKER-0150	11p deletion	11p deletion	rsCNV0124	N	O
I-CNV0125	MARKER-0151	11p15.5 duplication	11p15.5 duplication	rsCNV0125	N	O
I-CNV0126	MARKER-0152	11p15.4 duplication	11p15.4 duplication	rsCNV0126	N	O
I-CNV0127	MARKER-0153	11p11.2 deletion	11p11.2 deletion	rsCNV0127	N	O
I-CNV0128	MARKER-0154	11q22.2-q22.3 deletion	11q22.2-q22.3 deletion	rsCNV0128	N	O
I-CNV0129	MARKER-0155	11q23 deletion	11q23 deletion	rsCNV0129	N	O
I-CNV0130	MARKER-0156	11q duplication	11q duplication	rsCNV0130	N	O
I-CNV0131	MARKER-0157	11q deletion	11q deletion	rsCNV0131	N	O
I-CNV0132	MARKER-0158	12p duplication	12p duplication	rsCNV0132	N	O
I-CNV0133	MARKER-0159	12p deletion	12p deletion	rsCNV0133	N	O
I-CNV0134	MARKER-0160	12p12.1 deletion	12p12.1 deletion	rsCNV0134	N	O
I-CNV0135	MARKER-0161	12q15-q21 deletion	12q15-q21 deletion	rsCNV0135	N	O
I-CNV0136	MARKER-0162	12q14 deletion	12q14 deletion	rsCNV0136	N	O
I-CNV0137	MARKER-0163	12q duplication	12q duplication	rsCNV0137	N	O
I-CNV0138	MARKER-0164	12q deletion	12q deletion	rsCNV0138	N	O
I-CNV0139	MARKER-0165	13q duplication	13q duplication	rsCNV0139	N	O
I-CNV0140	MARKER-0166	13q12.3 deletion	13q12.3 deletion	rsCNV0140	N	O
I-CNV0141	MARKER-0167	13q14 deletion	13q14 deletion	rsCNV0141	N	O
I-CNV0142	MARKER-0168	13q34 deletion	13q34 deletion	rsCNV0142	N	O
I-CNV0143	MARKER-0169	13q deletion	13q deletion	rsCNV0143	N	O
I-CNV0144	MARKER-0170	14q11-q22 deletion	14q11-q22 deletion	rsCNV0144	N	O
I-CNV0145	MARKER-0171	14q11.2 deletion	14q11.2 deletion	rsCNV0145	N	O
I-CNV0146	MARKER-0172	14q11.2 duplication	14q11.2 duplication	rsCNV0146	N	O
I-CNV0147	MARKER-0173	14q12 duplication	14q12 duplication	rsCNV0147	N	O
I-CNV0148	MARKER-0174	14q22 deletion	14q22 deletion	rsCNV0148	N	O
I-CNV0149	MARKER-0175	14q22-q23 deletion	14q22-q23 deletion	rsCNV0149	N	O
I-CNV0150	MARKER-0176	14q24.1-q24.3 deletion	14q24.1-q24.3 deletion	rsCNV0150	N	O
I-CNV0151	MARKER-0177	14q31-q32 deletion	14q31-q32 deletion	rsCNV0151	N	O
I-CNV0152	MARKER-0178	14q32 deletion	14q32 deletion	rsCNV0152	N	O
I-CNV0153	MARKER-0179	14q32 duplication	14q32 duplication	rsCNV0153	N	O
I-CNV0154	MARKER-0180	14q deletion	14q deletion	rsCNV0154	N	O
I-CNV0155	MARKER-0181	14q duplication	14q duplication	rsCNV0155	N	O
I-CNV0156	MARKER-0182	15p13.3 deletion	15p13.3 deletion	rsCNV0156	N	O
I-CNV0157	MARKER-0183	15q11.2 deletion	15q11.2 deletion	rsCNV0157	N	O
I-CNV0158	MARKER-0184	15q11.2-13.1 duplication	15q11.2-13.1 duplication	rsCNV0158	N	O
I-CNV0159	MARKER-0185	15q13.3 deletion	15q13.3 deletion	rsCNV0159	N	O
I-CNV0160	MARKER-0186	15q14 deletion	15q14 deletion	rsCNV0160	N	O
I-CNV0161	MARKER-0187	15q24 deletion	15q24 deletion	rsCNV0161	N	O
I-CNV0162	MARKER-0188	15q duplication	15q duplication	rsCNV0162	N	O
I-CNV0163	MARKER-0189	15q deletion	15q deletion	rsCNV0163	N	O
I-CNV0164	MARKER-0190	16p duplication	16p duplication	rsCNV0164	N	O
I-CNV0165	MARKER-0191	16p deletion	16p deletion	rsCNV0165	N	O
I-CNV0166	MARKER-0192	16p13.11 duplication	16p13.11 duplication	rsCNV0166	N	O
I-CNV0167	MARKER-0193	16p13.11 deletion	16p13.11 deletion	rsCNV0167	N	O
I-CNV0168	MARKER-0194	16p13.3 deletion	16p13.3 deletion	rsCNV0168	N	O
I-CNV0169	MARKER-0195	16p13.3 duplication	16p13.3 duplication	rsCNV0169	N	O
I-CNV0170	MARKER-0196	16p13.2 deletion	16p13.2 deletion	rsCNV0170	N	O
I-CNV0171	MARKER-0197	16p11.2 deletion	16p11.2 deletion	rsCNV0171	N	O
I-CNV0172	MARKER-0198	16p11.2-p12.2 duplication	16p11.2-p12.2 duplication	rsCNV0172	N	O
I-CNV0173	MARKER-0199	16q24.1 deletion	16q24.1 deletion	rsCNV0173	N	O
I-CNV0174	MARKER-0200	16q24.3 deletion	16q24.3 deletion	rsCNV0174	N	O
I-CNV0175	MARKER-0201	16q22 deletion	16q22 deletion	rsCNV0175	N	O
I-CNV0176	MARKER-0202	16q deletion	16q deletion	rsCNV0176	N	O
I-CNV0177	MARKER-0203	17q duplication	17q duplication	rsCNV0177	N	O
I-CNV0178	MARKER-0204	17q24.2-q24.3 deletion	17q24.2-q24.3 deletion	rsCNV0178	N	O
I-CNV0179	MARKER-0205	17q24.2 deletion	17q24.2 deletion	rsCNV0179	N	O
I-CNV0180	MARKER-0206	17q23.1-q23.2 deletion	17q23.1-q23.2 deletion	rsCNV0180	N	O
I-CNV0181	MARKER-0207	17q21.31 deletion	17q21.31 deletion	rsCNV0181	N	O
I-CNV0182	MARKER-0208	17q21.31 duplication	17q21.31 duplication	rsCNV0182	N	O
I-CNV0183	MARKER-0209	17q12 duplication	17q12 duplication	rsCNV0183	N	O
I-CNV0184	MARKER-0210	17q12 deletion	17q12 deletion	rsCNV0184	N	O
I-CNV0185	MARKER-0211	17q11 deletion	17q11 deletion	rsCNV0185	N	O
I-CNV0186	MARKER-0212	17q11.2 duplication	17q11.2 duplication	rsCNV0186	N	O
I-CNV0187	MARKER-0213	17p11.2 deletion	17p11.2 deletion	rsCNV0187	N	O
I-CNV0188	MARKER-0214	17p11.2 duplication	17p11.2 duplication	rsCNV0188	N	O
I-CNV0189	MARKER-0215	17p12 deletion	17p12 deletion	rsCNV0189	N	O
I-CNV0190	MARKER-0216	17p12 duplication	17p12 duplication	rsCNV0190	N	O
I-CNV0191	MARKER-0217	17p13.3 deletion	17p13.3 deletion	rsCNV0191	N	O
I-CNV0192	MARKER-0218	17p13.3 duplication	17p13.3 duplication	rsCNV0192	N	O
I-CNV0193	MARKER-0219	17p13.1 deletion	17p13.1 deletion	rsCNV0193	N	O
I-CNV0194	MARKER-0220	17p duplication	17p duplication	rsCNV0194	N	O
I-CNV0195	MARKER-0221	18p deletion	18p deletion	rsCNV0195	N	O
I-CNV0196	MARKER-0222	18p duplication	18p duplication	rsCNV0196	N	O
I-CNV0197	MARKER-0223	18q deletion	18q deletion	rsCNV0197	N	O
I-CNV0198	MARKER-0224	19p deletion	19p deletion	rsCNV0198	N	O
I-CNV0199	MARKER-0225	19p duplication	19p duplication	rsCNV0199	N	O
I-CNV0200	MARKER-0226	19p13.2 deletion	19p13.2 deletion	rsCNV0200	N	O
I-CNV0201	MARKER-0227	19p13.13 deletion	19p13.13 deletion	rsCNV0201	N	O
I-CNV0202	MARKER-0228	19p13.12 deletion	19p13.12 deletion	rsCNV0202	N	O
I-CNV0203	MARKER-0229	19p13.3 duplication	19p13.3 duplication	rsCNV0203	N	O
I-CNV0204	MARKER-0230	19q13.11 deletion	19q13.11 deletion	rsCNV0204	N	O
I-CNV0205	MARKER-0231	19q duplication	19q duplication	rsCNV0205	N	O
I-CNV0206	MARKER-0232	20p duplication	20p duplication	rsCNV0206	N	O
I-CNV0207	MARKER-0233	20p deletion	20p deletion	rsCNV0207	N	O
I-CNV0208	MARKER-0234	20p12 deletion	20p12 deletion	rsCNV0208	N	O
I-CNV0209	MARKER-0235	20p12.3 deletion	20p12.3 deletion	rsCNV0209	N	O
I-CNV0210	MARKER-0236	20q13.2 deletion	20q13.2 deletion	rsCNV0210	N	O
I-CNV0211	MARKER-0237	20q13.33 deletion	20q13.33 deletion	rsCNV0211	N	O
I-CNV0212	MARKER-0238	20q11.2 duplication	20q11.2 duplication	rsCNV0212	N	O
I-CNV0213	MARKER-0239	20q11.2 deletion	20q11.2 deletion	rsCNV0213	N	O
I-CNV0214	MARKER-0240	20q duplication	20q duplication	rsCNV0214	N	O
I-CNV0215	MARKER-0241	21q deletion	21q deletion	rsCNV0215	N	O
I-CNV0216	MARKER-0242	21q22.11-q22.12 deletion	21q22.11-q22.12 deletion	rsCNV0216	N	O
I-CNV0217	MARKER-0243	21q22.13 deletion	21q22.13 deletion	rsCNV0217	N	O
I-CNV0218	MARKER-0244	22p duplication	22p duplication	rsCNV0218	N	O
I-CNV0219	MARKER-0245	22p deletion	22p deletion	rsCNV0219	N	O
I-CNV0220	MARKER-0246	22q11 duplication	22q11 duplication	rsCNV0220	N	O
I-CNV0221	MARKER-0247	22q11.2 duplication	22q11.2 duplication	rsCNV0221	N	O
I-CNV0222	MARKER-0248	22q duplication	22q duplication	rsCNV0222	N	O
I-CNV0223	MARKER-0249	22q deletion	22q deletion	rsCNV0223	N	O
I-CNV0224	MARKER-0250	Xp22.13-p22.2 duplication	Xp22.13-p22.2 duplication	rsCNV0224	N	O
I-CNV0225	MARKER-0251	Xp21 deletion	Xp21 deletion	rsCNV0225	N	O
I-CNV0226	MARKER-0252	Xp11.22-p11.23 duplication	Xp11.22-p11.23 duplication	rsCNV0226	N	O
I-CNV0227	MARKER-0253	Xq21 deletion	Xq21 deletion	rsCNV0227	N	O
I-CNV0228	MARKER-0254	Xq22.3 deletion	Xq22.3 deletion	rsCNV0228	N	O
I-CNV0229	MARKER-0255	Xq25 duplication	Xq25 duplication	rsCNV0229	N	O
I-CNV0230	MARKER-0256	Xq27.3-q28 duplication	Xq27.3-q28 duplication	rsCNV0230	N	O
I-CNV0231	MARKER-0257	Xq28 duplication	Xq28 duplication	rsCNV0231	N	O
I-CNV0232	MARKER-0258	Yq11 deletion	Yq11 deletion	rsCNV0232	N	O
